date,Belmullet,Birr,Cahirciveen,Casement,Claremorris,Clones,Cork airport,Dublin airport,Galway,Kilkenny,Malin head,Mullingar,Roches Point,Rosslare,Shannon airport
1958-01,160.2,95.6,214.8,..,146.9,104.8,..,40,..,116.4,127.2,109.4,120.7,102.5,115.6
1958-02,75.2,85.6,130.8,..,98.3,97.1,..,101.6,..,87.6,143.2,82,107.1,119.7,92.8
1958-03,86.4,40.9,133.5,..,82.3,33,..,23.4,..,33.9,45.6,34.1,133.8,68.4,52
1958-04,30.6,37.5,40.6,..,37.4,30.4,..,29.9,..,28,52.3,25.7,13.3,18.1,30.2
1958-05,118,101.2,123.1,..,126.7,73,..,103.9,..,91.9,69,86.6,130.6,113,97.6
1958-06,144.5,85,131.2,..,126.6,150.3,..,168.5,..,79.2,127.9,131.9,98.1,107.4,63.2
1958-07,41.7,99.6,108.2,..,92.5,115.5,..,109.5,..,149,88,132.9,135.6,80.2,89.3
1958-08,149.9,153.9,143.1,..,155.3,147.9,..,140.6,..,113.9,89.1,127.1,108,108.9,107.2
1958-09,118.6,99.2,198.9,..,127,92.4,..,128.8,..,153.9,66.8,104.4,177.1,134.4,91.9
1958-10,82.5,47.9,103.8,..,64,76.9,..,52,..,54,94.4,74.2,40,45.3,72.3
1958-11,78,51.6,107.2,..,53.7,56.4,..,45.4,..,66.1,69.4,48.5,75.6,84.4,55.1
1958-12,147,88.2,150,..,154.4,102.3,..,90.3,..,107.7,141.9,99.7,122.9,98.4,72.5
1959-01,72.1,53.8,120.1,..,86.3,60.9,..,47.4,..,77.3,72,60,93,92.6,76
1959-02,30.4,28.5,46.9,..,40.4,34.7,..,13.1,..,19.3,21.2,29.3,22.5,15.4,21.2
1959-03,88.1,54.4,168.9,..,120.8,68.5,..,39.7,..,64.2,70.9,66.7,94.9,69.8,63.7
1959-04,88.2,87.2,106.8,..,79.6,81.4,..,44.1,..,80.1,82.9,69.3,58.3,62.1,72.1
1959-05,37.1,47.6,65.1,..,47,37.8,..,73.6,..,49.5,27.7,20.4,75.9,38.4,58
1959-06,75.9,58.2,67.3,..,76.2,85.4,..,37.2,..,54.3,50.5,66.5,60.5,49.1,75.4
1959-07,72.4,64.1,50,..,81.8,93.6,..,45.2,..,30.3,92.5,66.4,26,43.4,61.2
1959-08,47.6,19.8,63,..,44.9,33.3,..,17.6,..,19.5,35.5,19.3,26.2,14.5,29.9
1959-09,46.2,36.1,60.9,..,81.9,56.1,..,24.3,..,26.5,36.4,55.6,16.1,7.6,44.7
1959-10,136.2,142.7,208,..,159.7,128.5,..,106.7,..,132.6,132,143.6,130.6,121.1,139.4
1959-11,167.4,81.4,196.4,..,136.7,102.1,..,89.6,..,91.2,132.2,97.2,69.5,117.3,87.7
1959-12,201.2,179.9,319.5,..,229.1,152.5,..,132.1,..,143.9,133.7,177.4,199.7,163.5,239.8
1960-01,101,84.2,164.4,..,113.9,89.3,..,87.4,..,86.8,113,96.5,92.5,98,83.1
1960-02,91.6,44.5,135.2,..,89.2,80.5,..,35.2,..,61.4,102.9,53.2,82.4,97.1,47.2
1960-03,69,42.6,122.9,..,47.4,41.9,..,97.2,..,60.2,44.4,49.3,102.9,62.5,44.7
1960-04,66.8,59.3,102.8,..,95.6,65.7,..,27.2,..,66.4,54.1,72.6,45.6,69.1,70.6
1960-05,56.1,68.9,84.5,..,54.4,69.7,..,52.4,..,69.4,59.8,69.4,69.5,36.1,109.4
1960-06,89.5,78.7,68.6,..,114.3,95.8,..,51.1,..,67,79.4,92.1,69,37.7,80.2
1960-07,112.9,145.4,174.5,..,127.3,114.1,..,139.8,..,138.8,129.5,157.5,113.9,103.2,121
1960-08,84.3,111.3,60,..,113.2,135.9,..,86.3,..,86.2,103.4,95.6,103.7,77.3,82.9
1960-09,105.2,130.3,162.9,..,86.6,87.5,..,81.2,..,105.8,64.1,102.8,133.4,102.8,106.5
1960-10,64.3,59.5,109.4,..,59.1,73.7,..,161.3,..,96.5,67.4,103.1,153.1,145.5,72.6
1960-11,158.3,160.3,283.6,..,210.8,121.5,..,117.7,..,153.2,85.8,161.8,183.5,172.8,182
1960-12,150.1,127.1,221.6,..,138.3,93,..,95.4,..,124.7,148.3,102.9,81.7,81.4,175.1
1961-01,163.4,131.9,261.1,..,168,112,..,106.3,..,129.5,100.9,132.5,168.9,144.8,130.9
1961-02,86.5,78.4,124.2,..,105.6,94,..,50.8,..,69.7,113.3,75.8,54.8,56.2,97.1
1961-03,37.9,13.4,19.1,..,30.4,31.9,..,4,..,4,60.4,13.3,2.6,2.5,18
1961-04,91.9,117.2,147.8,..,90.2,106.3,..,90.4,..,112.4,124.5,109.8,132,118.5,95.9
1961-05,56.7,60.2,44.3,..,57.5,75.3,..,29.6,..,37.1,47.2,55.3,34.2,31.7,32.6
1961-06,64.5,48.1,59.4,..,57.9,38.6,..,42.4,..,33,49.9,56.9,40.2,31.8,42.2
1961-07,117.2,97.8,93.5,..,122.7,68.7,..,52.6,..,71,73.3,82.5,45.2,44.1,81.1
1961-08,96,63.6,47,..,81.5,74.3,..,47.3,..,38.5,131.2,74.1,41.6,50.5,76.5
1961-09,137.4,95.3,205.3,..,148,109.4,..,86.4,..,118.6,92.2,115.7,107.6,106.3,94.2
1961-10,194.8,84,173.6,..,143.5,84.2,..,58.8,..,86.3,101.8,73.5,98.8,121.8,84.8
1961-11,111.7,58.3,92.8,..,84.1,62.1,..,52.8,..,35.7,90.7,58.9,51.1,67.7,67.4
1961-12,103.6,59.3,107.7,..,98,93.5,..,57.1,..,63.3,98,66.1,85.7,95,83.7
1962-01,153.9,86.7,165.8,..,146.1,109.7,0,41.1,..,102.7,143.6,98.1,104.2,89.7,147.6
1962-02,48.1,33.2,36.6,..,45.6,48.5,0,26.7,..,27.2,66.2,63.7,23.5,21.1,37.7
1962-03,98.7,54,126.9,..,82.1,54,0,53.6,..,60.6,78.6,58.9,91.7,66.2,68.7
1962-04,68.9,50.3,75.1,..,70.9,45.5,68.6,40.8,..,61.9,65.6,58.7,39.6,45.4,57.5
1962-05,50.3,68.6,95,..,54.4,67.3,80.7,56.8,..,59.1,44.5,84.2,74.2,67.1,49.1
1962-06,56.2,36.4,69.3,..,73.1,40.6,50.2,24.9,..,27,59.1,40.6,24.8,37.9,46.1
1962-07,42.7,52.8,68.6,..,62.5,57.3,92.2,68,..,57.9,43.9,55.9,69.6,92.3,53.9
1962-08,105.6,115.4,125.1,..,100.7,119.5,99.4,73.1,..,87.3,135.8,106.2,69.9,91.4,131.9
1962-09,130.3,142.1,143.5,..,152.7,149.5,122.4,129.2,..,123.6,123,177.3,81.6,100.2,107.6
1962-10,59.3,29.4,71.4,..,34.2,52.5,42.6,16.8,..,39.9,38.9,38.8,25.4,28.9,47.5
1962-11,145.3,85,123.3,..,111.8,56.1,105.5,47.9,..,84,97.3,73.5,87.9,87.2,83
1962-12,98.2,75.9,131.7,..,103,116.3,86.4,75.3,..,59.3,95.4,112.3,67.7,83.3,90.6
1963-01,21,9.8,26.1,..,16.5,22.7,34.8,41.1,..,12.1,35.2,27.5,28.2,31.8,11.2
1963-02,30.8,30.8,122.4,..,35.7,31.3,96,61.9,..,61.5,34.4,33.2,81.9,88.7,34.7
1963-03,141.3,84.6,260,..,129.1,124.7,212.5,65.2,..,110.4,89.2,106.1,161.4,103.6,82.2
1963-04,72.5,43.5,99.2,..,66.4,55.2,113.7,47,..,49.6,59.8,64,79.6,87.4,59.4
1963-05,106.9,57.2,83.1,..,109.3,79.2,53.9,42,..,53.6,101.1,64.8,38.7,54.1,54.3
1963-06,51.2,56.9,54.5,..,42.4,72.7,46.2,54.3,..,74.2,54.2,56.4,48,72.9,46
1963-07,98.2,62.5,118.3,..,79.9,40.1,76.6,23.5,..,57.2,71.8,73.5,56.3,35.6,57.8
1963-08,98.6,80.2,116.7,..,87.1,89.7,104.3,103.1,..,62.9,58.8,90.5,88.7,117,91.5
1963-09,88.4,49.9,66.5,..,64.3,63.8,39.5,44.9,..,44.3,92.5,67.7,32.9,51.8,61.1
1963-10,116.4,120.4,160.6,..,139.5,111.1,143.1,47.6,..,108.5,148.9,111,104.6,65.2,116.1
1963-11,174.1,113.9,209.4,..,165.8,139.3,206.9,95.9,..,116.3,191.3,137.1,145.4,206,145.3
1963-12,58.9,25,79.2,..,59.9,26.5,112.9,16.4,..,30.3,41,22.9,60.9,42.7,29.8
1964-01,78.5,43.6,49.6,18.1,56.2,47.1,35.9,14.8,..,18.6,48.5,46.2,26.5,21.4,48.5
1964-02,29.8,24.8,126.8,22.4,48.4,39.1,166.4,28.3,..,37.6,22.7,46.3,95.1,43.9,20.4
1964-03,44.5,76.3,194.4,64.1,83.2,73.7,233.9,106.6,..,128.6,38,88.7,157.2,124.2,74.8
1964-04,59.5,73.5,103.4,49.5,74.1,64.4,82.9,62.3,..,74.1,64.9,60.9,66.5,54.6,62.1
1964-05,84.4,70.4,147.4,42.8,107.2,70,106.7,45.4,..,60.2,55.2,76.5,68.4,43,82
1964-06,71.9,52,112.2,46.7,137.5,84.2,89.8,51,..,57.2,101.1,76.7,80,90.9,106
1964-07,74.5,72.9,97.8,31.5,56.3,45.2,71.5,47.4,..,59.3,76.1,51.6,58.8,45,69.5
1964-08,86,101.2,108.6,78.7,139,81.6,134.6,81.3,..,68.4,100.4,101.5,131.9,73.1,99.4
1964-09,144.5,48.1,102.8,44.5,110.2,62.6,75.6,51.7,..,62.1,132.4,56.3,49.1,50.1,68.5
1964-10,120.3,76.3,148.1,72.4,147.3,166.6,80.2,62.3,..,56.6,115.3,122.2,56.3,38.3,96.4
1964-11,99.1,57.7,112.4,26.9,97.7,71.1,73.9,26.2,..,39,94.7,56.8,58.8,50.2,74.8
1964-12,146.8,135.6,182.4,131.4,130.9,108,152.1,111.8,..,121.6,147.9,162.6,110.7,159.6,148.7
1965-01,166.6,113.2,181.1,96.5,148.2,147.5,141.6,97.3,..,99.4,107.1,153.7,97.5,97.6,127.7
1965-02,17.9,7.9,2.3,7.6,12.5,6.3,5.9,4.7,..,5.4,15.9,10.1,4.9,2.8,4.7
1965-03,84.7,89.6,106.2,56.2,87.5,75.4,132.6,54.6,..,82.9,87.5,87.2,99.4,73,65.8
1965-04,84.7,68.1,89.8,49.2,81.2,84.3,98.4,45.4,..,56.1,73.6,77.8,68.8,42.2,95.8
1965-05,63,90.9,84.3,50,77.1,86.6,100.5,51.9,..,76.3,46.7,98.8,94.8,59,94.3
1965-06,106.8,78.7,134,72.3,114.6,90,128.8,72.9,..,83.9,105.3,85.6,114.2,114.3,99.2
1965-07,35.3,94.4,64,78.4,62.5,93.5,98.3,79.2,..,80.5,64,96.7,88.5,53.1,69.3
1965-08,108.3,88.3,98.8,64.6,90.3,107.6,79,55.4,..,76.9,110,81.6,54.3,56.7,87.2
1965-09,91.8,68.2,156.9,55.1,112,72,94.1,67.7,..,78.1,98.8,63.7,75.2,98.8,49.9
1965-10,94.4,29.2,63.6,38,72.7,74.6,35.4,41.4,..,56.3,112.6,66.2,25.1,39,26.9
1965-11,126.7,87.5,155.3,170.4,127.1,116.8,206.9,182.3,..,119.8,97.9,205.1,170.5,174.2,87.9
1965-12,136,113.4,222.8,78.3,130,135.1,196.2,97.1,..,136.1,113.8,140.5,149,150,159.4
1966-01,77.6,75.7,175.5,58.8,101.2,74.5,209.8,94.6,..,92.4,54.1,74.7,131.3,109.7,73.1
1966-02,114.5,72.7,240.9,96.7,132.3,125.3,299.9,114.5,..,105.6,104.5,114.4,179.1,136.3,93.7
1966-03,84.8,40.7,65.6,31.5,77.8,64.6,37.6,40.2,..,30.7,100.2,53.4,29.6,30.9,47.8
1966-04,96.6,99.3,149.5,125.4,118.8,113.8,235.6,151.8,..,115.9,56.6,117,180,184.6,116.5
1966-05,95,77.8,127,58.3,97.4,80.9,80.9,52.3,..,68.4,65.7,88.2,72.5,70,89.9
1966-06,90.8,113.3,91.5,98.6,99,125.9,102.2,119.5,..,88.1,88.9,102.6,64.4,84.8,133.3
1966-07,73.7,44.4,47.4,43.7,84.7,41.6,21.3,37.1,..,52.6,72,54.4,19.8,52.7,39.7
1966-08,70.7,98.9,83.4,47,101.1,83,90,56.5,..,63,55.1,58.4,93.5,69,96.1
1966-09,102.8,66.5,70.2,69,73,75,82.6,61.3,..,61.5,86.3,79.7,77.6,58.3,59.2
1966-10,76.7,139.9,185.9,143,82.8,113.8,232.2,132.9,..,150.9,77.9,125.4,163.7,218.6,78.1
1966-11,129.3,42.2,69.4,33.9,56.6,92.7,37.6,43.3,..,26,94.8,48.8,43.5,91.4,50.2
1966-12,199.2,88.1,101,105.8,142.1,176,84.4,115.1,..,72.5,173.4,134.4,58.9,53.7,100
1967-01,95.3,56.4,125.8,30.5,55.9,56,121.4,48.5,..,61,79.3,61,66.8,54.8,57.4
1967-02,107,91.9,146.9,109.4,100.1,66.6,136.2,83.8,..,115.3,82.2,94.4,101.6,102,119.1
1967-03,85.2,40.3,67.7,35.8,88.2,83,34.1,26.4,..,29.4,104.2,49.2,24,29,60.7
1967-04,53.2,33,38,28.6,52.3,50.4,18.1,33.9,..,26.4,43.6,39,20.4,26.9,29.6
1967-05,86.4,115.4,136,148.6,132.5,146.4,134.7,129.4,..,134.1,66.7,147.1,107.8,146.8,86
1967-06,49.1,20.4,28.6,13.2,35.4,33.5,35.9,11.4,..,15.5,50.7,28.6,25,18.3,35.4
1967-07,80.1,35.4,85.9,30.1,78.8,77.2,99.3,83.7,..,50.2,69,113.2,98.8,80.2,44.6
1967-08,114.3,70.4,145.2,64.4,94.4,84.5,101.9,64.3,..,50.6,110.9,84.7,80.6,46.6,68.9
1967-09,107.7,92.5,135.6,96.7,135.4,121.1,148,115.5,..,127.8,143,112.9,101.6,134.5,94.4
1967-10,188.7,140.7,196.5,125.9,199.5,135.3,151.1,94.4,..,127,223.6,157.1,107.7,151.1,167.9
1967-11,93.9,68.5,137.9,46.4,75.3,55.9,64.2,45.7,..,60.4,143.2,67.7,62.8,86.7,71.5
1967-12,82.8,50.6,99.9,36.3,88.2,82.7,65,45.5,..,30.9,124.8,68.4,55.2,34.3,42.6
1968-01,127.3,109.9,137.3,68,133.4,117.7,96.5,96.1,..,98.7,160.5,135.6,76.4,104.4,113.6
1968-02,62.4,14.1,78.3,28.6,36.1,26,64.3,15.9,..,21.8,62.4,17.4,33.6,32.2,24.5
1968-03,106,62.3,80.1,61.4,81.9,60.9,70.8,41.5,..,62,104.9,71.6,60.2,41.5,73.7
1968-04,51,52.1,131.1,44.6,51.7,56.2,92.6,58.6,..,71.5,57.7,69.5,60.5,69.3,39.2
1968-05,54.5,73.8,65.9,43.2,84.6,80.2,79.7,51.8,..,44.7,73.1,57,46,49.4,43
1968-06,61.2,57.3,78.8,35.5,105.1,99.7,59.8,51.4,..,42.9,59.9,73.4,44.2,32.1,49.6
1968-07,38.7,24.6,32.1,13.3,22.8,17.9,55.9,15.9,..,21.2,25,22.2,32.1,53.6,32.7
1968-08,68.3,85.1,106.1,60.9,109.3,94.1,74.6,106.6,..,57.7,47.2,88.5,63.8,46.1,76.2
1968-09,109.3,109.9,180,83.7,141.2,116,156.9,103.5,..,106.6,97.3,119,129.5,115.8,141.7
1968-10,151.5,82,137.5,58.3,189.9,121,152.6,59.8,..,75.6,149.3,91.5,100.8,91.1,93.2
1968-11,109.8,103.3,226.7,99.8,147.8,87.2,186.8,78.8,..,95.9,65.4,112.1,125.5,97.2,90
1968-12,107,126.4,207.3,112.7,139.8,68,174.2,109.1,..,177.8,72.2,117.2,156,126.7,163.9
1969-01,129,104.4,230.3,82.2,151.7,149.1,275,105.4,..,144.8,139.3,133.3,201.2,157.7,141.8
1969-02,85.4,32.7,51,63.3,64.3,62.4,54.4,41.8,..,26.3,106.3,48.1,51,47.8,43.9
1969-03,42.4,41.3,30.9,26.8,39.5,26.4,79.2,46.9,..,34.5,45.1,33.8,75.2,70.2,44.4
1969-04,51.5,57.8,66.4,54.3,72.3,68.5,71.2,62.3,..,56.5,50.2,75,52,35.6,61.5
1969-05,40.6,46.8,61.8,115.3,57.2,88.5,117.6,111.2,..,81.6,52,90.4,91.5,79.3,61.5
1969-06,77.7,53.9,87.1,43.1,82.2,90.4,84.5,46.4,..,40.3,62.3,58,55.5,46.9,75.4
1969-07,33.9,32,78.9,37,30.1,25.7,28.6,43.8,..,35,47.7,45.8,28.9,33.1,31.1
1969-08,61.2,31.3,98.1,55.2,64.4,40.9,38.4,34.1,..,31.9,66.3,32.6,25,35.4,30.6
1969-09,58.3,25.8,58.4,46.7,64.8,36.9,51.3,44.9,..,25.3,76.9,29.2,34.6,21.2,49.6
1969-10,116,34.1,74.2,13.9,91.1,65.5,38.7,11.1,..,21.8,91.1,34.6,23.6,15.2,52.5
1969-11,166.3,82.7,148.2,82.8,107.2,91,113.1,90,..,94.1,195.5,75.4,79.3,127,115.4
1969-12,130.1,77.1,146.3,41.7,130.5,96,101.8,63.5,..,89.4,118.8,91.5,93.1,89.7,116.5
1970-01,80.8,47.3,194.6,55.7,79.1,69.3,219.1,62.5,..,119.3,59.8,83,132.7,156.1,47
1970-02,157.7,88.6,155,64.7,153.3,143.6,93.6,60.4,..,103.8,143.7,105.1,71.3,71.5,136.6
1970-03,76.9,37.7,58,40.2,56.5,67.5,35.4,32.5,..,28,76.1,47,17.7,23.3,45.9
1970-04,75.6,98.5,133.5,87.1,101.1,73.3,71.8,85.3,..,60.8,81.2,87.3,62.9,73.5,93.2
1970-05,31.5,30.2,54.8,16.8,40.9,50.6,33.6,13.2,..,11.9,50.5,30.8,16.5,14,35.4
1970-06,74.2,40.9,107.6,22.1,49.2,66.1,56.8,31.6,..,25.3,54.2,67.7,33.2,29,46.2
1970-07,71.1,75.9,87.7,52,71.5,95,86.3,68.2,..,66.2,105.7,71.6,75.1,74.7,98.8
1970-08,58.6,51.7,51.7,62.9,89,108.8,48.3,68.3,..,58.8,83.3,72.9,42.4,65.3,52.6
1970-09,196.7,91.8,163.6,43.4,163.7,90.9,111,53.8,..,80,106.4,101.4,97.2,75.5,94.2
1970-10,142.8,70.7,77,59.7,120.1,99.6,36.3,59.2,..,26.3,163.6,106.6,28.2,23,75.3
1970-11,140.8,134.7,207.9,116.1,132.9,117,216.3,128,..,145.7,147.2,134.2,174.7,170.3,170.2
1970-12,77.4,34.1,96.2,49.2,70.7,30.3,39,50.6,..,41.2,58.5,45.6,32.4,50.1,46.4
1971-01,117.7,43.3,181.3,30.2,110.2,56.1,162.6,39.4,..,65.1,81.6,61.4,103.8,83.4,67.7
1971-02,81.9,46.6,64.2,30.5,74.4,64.8,34.2,39.7,..,34.2,94.9,50.8,26.2,19,65
1971-03,47.1,60.7,61,65.6,55.8,39.1,47.2,78.8,..,55.1,65.1,42.4,39.4,70.7,63.6
1971-04,28.7,40.1,54.1,43.3,27.5,44.5,56.1,52.4,..,32.9,76.2,41.7,58.3,41.8,29.7
1971-05,43.1,60,61.5,29.7,52.1,40.6,43.6,34,..,40.5,95,43.1,37.2,32.5,24.3
1971-06,92.4,51.7,76.4,75.3,81.3,90.4,66.5,71.8,..,45.5,88.6,82.4,56.9,69.3,68.2
1971-07,41.7,41.4,44.5,57.3,57.6,44.8,84.8,62.8,..,79.7,46.1,24.3,64.1,82.8,39.1
1971-08,116.7,60.1,82.2,69.4,98.6,102.6,121.8,66.9,..,110.8,131.1,79.2,130.3,84.2,70.4
1971-09,62.8,29.6,44.1,27.2,59.8,37.9,56.6,27,..,33.3,24.1,43.3,67.9,34.6,57.3
1971-10,95.3,69.3,152.1,43.4,97.1,38.8,128.5,34.4,..,61.5,90.7,46.8,118.9,78.1,97
1971-11,149.1,70.3,112.2,66.9,130.2,91.2,55.6,48,..,64.6,143.5,83.3,49.9,57.5,88.2
1971-12,47.3,44,57.8,42.1,41.4,23.8,71.4,36.4,..,41.2,53,48.4,48.2,82.5,38.6
1972-01,66.9,75.2,202.1,89.9,103.9,94.5,171.3,110.6,..,127.3,113.7,102.9,109.6,127.9,103.8
1972-02,75,50.8,164,70.5,100.7,62,190.5,59.7,..,96.9,38.7,64.6,142.1,117.4,59.4
1972-03,86.7,63.5,106.8,54.3,82.5,87.8,100.3,50.1,..,51,97.2,67.7,71.3,76.4,85.5
1972-04,98.5,62.2,91.3,60.7,92,81.3,50.4,49.2,..,63.2,104.3,93.8,41.6,60.9,72.5
1972-05,96.6,88.6,137.4,59,147.6,90.4,145.6,66.7,..,105.5,86.3,112,92.2,78.9,84.6
1972-06,58.6,53.8,85.6,65.8,47,90,34.2,58.6,..,76.3,88.6,66.4,30.7,54.4,65.8
1972-07,50.8,64.2,84.9,67.8,42.3,94.6,40.2,41.1,..,50.2,44.8,66.1,33.8,86.7,57.4
1972-08,52.4,48.6,80.6,17.2,60.8,35.6,44.2,24,..,41.5,85.7,36.8,55.7,53.7,57.7
1972-09,38.1,10.8,29.7,7.1,13.1,14.9,11.2,7.5,..,1.4,25.2,8.6,8.1,10,13.2
1972-10,65.8,44.1,124,37.3,53.9,40.2,84.8,40.8,..,81.5,47.1,53.2,54.2,67.5,43.8
1972-11,109.7,99.9,175.5,75.6,137.8,105.8,121.9,78.2,..,116.6,140.1,109.5,105,101.1,145.3
1972-12,159.2,77.6,218.7,71.2,165,82.6,175.9,82.6,..,115.9,91.8,88.4,121.3,115.2,105.8
1973-01,123,55.7,151.2,40.2,123.3,89,129.6,52.2,..,74.7,99.8,66.6,74.4,73,70.7
1973-02,100.5,39.7,133.8,32.8,65.8,68.5,84.3,32.5,..,46.8,82.6,43.7,83.6,39.9,92.8
1973-03,57.9,23.1,63.9,18.7,51,40,38.8,11.1,..,23.6,41,29,29.3,26.4,30.5
1973-04,46.5,40.8,39.3,37.9,50.3,47.1,34,48.1,..,31.2,64.2,48.8,25.5,39.1,40.8
1973-05,85.7,66.2,93.6,74.8,87.3,65.2,182.5,70.9,..,86.2,75.2,80.9,143.1,101.7,104.3
1973-06,54.2,15,47.7,18.1,58,25.6,25.1,20.2,..,16.7,42.3,23,14.3,8.8,17.3
1973-07,58.7,99.2,77.2,93.6,58.6,60,63.8,72.8,..,77.4,88.5,86.4,30.2,118.2,65.6
1973-08,119.6,87.8,115.3,83.7,140.4,99.4,74.6,108.9,..,50.2,101,98.5,82.9,114.1,110.5
1973-09,97.2,79.3,147.8,74.6,81.3,78.7,156.3,76.2,..,100.7,121.6,103.2,157.2,122.8,116.2
1973-10,68.4,64.3,60.6,40.2,63.4,61.6,107.3,59.2,..,42.5,66,51.3,56.8,56,50.8
1973-11,147.8,105,162.8,64.7,134.2,119.4,101.7,60.8,..,84.3,123.2,98.6,75.7,60.7,143.8
1973-12,130.2,76.3,143.1,65.7,108.5,72.1,118.4,72.7,..,124.5,135.4,67.9,111,118.9,98.5
1974-01,205.4,143.4,318.6,95.8,205.2,117.9,340.9,81.4,..,194.7,130.9,135.1,219.2,202,168.2
1974-02,112.9,56.8,177.7,51.4,113.9,91.2,134.4,50.9,..,99.4,77.3,61.9,107.6,104.5,102.4
1974-03,58.3,28.7,76.3,21.6,49.2,55.1,40.9,31.7,..,40.6,50.1,29.5,37.2,49.5,40.7
1974-04,19.5,29.8,59.8,37.8,19.5,12.9,56.9,43.4,..,22.8,9.9,39.7,33.8,34.6,21.4
1974-05,56.8,59.8,152.4,55.6,58.5,77.1,151.9,87.6,..,107.2,56,72,93.2,76.9,52
1974-06,70.1,46.6,38.3,38.1,53.3,32.4,21.3,39.5,..,24.6,42.8,39.8,16.6,23.4,37.1
1974-07,84,98.1,97.6,105.9,96.3,109.9,45.1,99.7,..,62.2,87.9,114,43,44.4,82.1
1974-08,112.2,87.5,168.7,30.5,98.2,70.9,118.9,30.2,..,91.1,82.2,80.5,117.8,103.7,139
1974-09,172.6,121.5,225.7,99.9,148.6,135.5,187.4,116,..,111.7,123.3,129.6,160.8,157.8,170.1
1974-10,82.4,50.1,75.7,34.9,47.1,53.7,31.5,26.6,..,35.9,63,53.9,24.8,36.3,53.7
1974-11,127.8,59.1,109.5,51.8,113.9,90.3,80.3,57.7,..,76.3,130,94.3,66.6,68.5,97.3
1974-12,118.4,77.3,93.3,40.7,118,100.8,68.6,37.9,..,60.4,132.8,85.9,46.1,41.2,88.5
1975-01,210.7,132.4,209.9,121.9,193.7,131.1,162.8,82.6,..,134.9,155.4,154.2,128,116.5,125.5
1975-02,28.7,36,80.4,20,38.2,30.5,56.2,26.2,..,39.8,17.3,31.7,48.6,47.9,41.7
1975-03,42.7,26.7,74.4,31.1,52.2,44.4,34,43.3,..,39.1,60,29.8,28.1,42.2,43.9
1975-04,60.9,38.6,97.2,48.2,60.6,49.7,42.6,42.8,..,60.2,62.5,53.2,31.1,53,58
1975-05,14.9,29.7,29.4,44.3,17.6,21.3,32.3,43.4,..,34.1,15.7,32,13.1,9.5,28.6
1975-06,29.4,7.1,18,5.6,21.8,25.6,20.2,14.9,..,12.8,29.3,18.9,16.4,11.4,15.7
1975-07,87.8,75.7,80.9,36.4,115.6,59.7,186.3,27.8,..,54.1,85.1,55.2,84.9,42.8,75.7
1975-08,70.4,27.8,34.7,30,63.8,49.2,42.4,35.9,..,30.5,58.3,34.4,38.1,72.7,37.6
1975-09,139.8,122.6,160.2,102.5,137.4,88.3,139.7,124.3,..,139.3,122,122.9,105.6,72.6,145
1975-10,104.8,83.2,213.9,47.3,165.7,67.7,204.7,55.1,..,77.4,91.8,81.6,125.9,58.5,81.7
1975-11,95.8,37.3,126.9,47.6,105.4,49.1,56.6,54.3,..,42.7,101.2,73.9,42.7,84.5,83.9
1975-12,62,52.4,74.2,38.2,87.1,39.6,31.1,33.1,..,45.1,65.3,50.5,22.8,36.3,73.5
1976-01,133.2,70.4,96.3,65.4,156.4,117.8,90.3,66.1,..,65.9,144.6,89.6,63.1,58.2,126
1976-02,51.8,42.7,81.7,37,49.1,43.4,67,29.3,..,35.7,48.7,52.9,40.8,37.1,57.9
1976-03,114,56.2,189.6,45.8,104.4,63.8,111,65.8,..,67.5,65.7,71.4,84.8,73.2,59
1976-04,30.2,25.4,34.4,22.5,37,26.5,20.7,17.7,..,18.9,21.3,27.5,15.1,22.7,21.4
1976-05,116.3,70,125.6,70,102,102.6,113.1,47.7,..,77.8,114.6,122,110.5,65.4,65.3
1976-06,59.2,29.5,111.5,20.7,63.6,60.2,51.6,22.5,..,32.2,54.2,35.6,46,18.3,34.4
1976-07,59.6,54.4,73.7,52.4,75.3,54,92.8,82.8,..,44.3,93,47.9,84.1,40.7,59.5
1976-08,12,6.2,16.4,4.2,6.9,10,14,6.6,..,2.4,19.4,7.7,23.7,3.1,13.5
1976-09,63.8,79,171.3,138.1,78.3,109.8,106.9,144.3,..,95.6,67,107.3,81.7,84,93.1
1976-10,102.6,130.9,187.6,118.9,132.4,128.4,209.8,156.7,..,137.1,136.5,139.2,168.7,196.4,136.3
1976-11,136.2,62.2,169.6,35.5,99.4,57.9,104.2,39.1,..,53.9,123.9,65.5,93.4,90.5,85.8
1976-12,116.3,56.4,189.3,52,133.1,73.8,147.5,48,..,53.6,93.3,52.7,106.2,83.5,111.6
1977-01,109.6,50.6,173.1,66.7,91.2,72.7,162.1,57.8,..,66.2,68.2,75.4,123.5,97.3,50.5
1977-02,82.9,114.9,191.6,110.7,109.7,152.9,237.1,124.4,..,149.8,151.1,137.3,205.9,130.3,102.6
1977-03,135.1,60.3,206.8,59,123,72.8,149.9,57.3,..,99.5,64.4,94.1,100.7,96.2,67.9
1977-04,68,73.1,74.7,55.3,104.8,71,39.9,43.4,..,58.6,88.9,93.2,30.1,62.9,75.2
1977-05,20.4,22.9,37.6,14.8,19.9,15.3,40.9,22.5,..,27.8,30.9,18.1,33.6,18.7,22.1
1977-06,44.2,76.3,55.3,52.8,55.5,41.4,36.4,65.5,..,58,43.5,83.9,29.5,47.2,44.3
1977-07,63.7,36.4,58.8,37.2,54,53.4,30.1,26.1,..,28.7,79.1,41.2,26.9,30.2,71.4
1977-08,140.4,106.9,50,97,105.7,87.9,125,68.1,..,70.2,57.1,76,93.4,56,93.1
1977-09,64.4,49.8,81.7,31.3,60.4,47.8,69.7,29.2,..,40.5,120.6,60.9,37.3,40.3,70.4
1977-10,180,93.8,313.1,112.4,187.1,78.9,222.3,76.5,..,160.3,99.5,91.9,200,191.4,88.3
1977-11,125,78.8,146.3,62,183.1,113.1,92.3,53.8,..,68.5,161,107.9,77.3,91.1,145.7
1977-12,70.1,70.7,152.8,65.3,84.7,69.3,204,65.1,..,107.5,63.2,76.2,131.3,137.1,71.4
1978-01,115,69.3,165.2,65.1,128.2,80.3,106.4,59.4,..,68.7,162.6,96.2,67.7,59.4,89.5
1978-02,68.8,46.3,129.8,44.2,76,63.7,166.1,50.3,..,79.4,58,71.6,178.2,134.5,68.9
1978-03,153.8,86.8,201.9,53.2,170,100.2,100.6,63,..,63.7,133.3,116,87,59.6,120.2
1978-04,25.4,49.8,66.1,23,42.1,29.3,99,29.6,..,47.6,25.4,37.8,68.1,41.6,80
1978-05,38.5,14.8,23.7,22.4,16.7,15.7,25.8,27.3,..,23.6,30.9,11.8,18.8,16.4,16.7
1978-06,67.4,47.7,88.8,52.3,48.9,64.3,59.9,37.1,..,22.3,55.7,57.9,53.7,35.8,46.3
1978-07,60.5,69.1,97.5,43.5,65.1,63.9,82.9,50.5,..,52.9,39.5,79.2,83.1,74,82.1
1978-08,80,61.1,179.5,90.3,64.7,54.9,114.1,116.7,..,84.9,76.1,60,110.7,73.6,94.6
1978-09,122.2,41.9,42.2,50.4,111.3,96,44.7,38.4,..,22.7,168.2,87.8,23.7,12.1,45.6
1978-10,70.1,45.7,59.6,30,46.2,59.1,49.1,31.8,..,34.7,70.2,41.9,34.6,68.5,46.6
1978-11,164.5,79.5,165.3,73,151.2,90.7,96.2,64.1,..,57.8,149.6,98.4,91.8,60.2,90.6
1978-12,146.3,111.1,290.1,168.8,157,164.4,265,217,..,182,124.7,158.6,187.1,198.1,114.7
1979-01,120.7,39.6,128.3,29.7,77.2,45.5,112.2,42.3,95.1,48.6,143,57,89.6,50.3,75.3
1979-02,42.9,49.3,149.1,64.5,58.8,35.4,191.8,83.4,63,48.1,24.2,44.8,135.4,101.9,64.7
1979-03,121.6,65.6,120.5,66.4,104.3,76.9,102.5,63.7,89.8,66.9,96.6,85.9,68.4,82.8,94.2
1979-04,63.6,68.1,49,55.6,57.3,68.9,39.6,53.1,70.2,47.4,53.3,62,38.3,51.6,81.9
1979-05,123.4,105,127.9,91.5,128.4,85,103.6,82.2,122.6,102.5,82.8,108.8,81.8,101.9,112.8
1979-06,49,46.5,77.3,51.2,41.7,30.7,67.3,44,71.9,42,68.5,31.9,51.9,40.1,65.9
1979-07,53,25.1,38.7,29.4,27,34.7,16.2,47,28.9,13.4,68,44.9,16.7,6.6,21.8
1979-08,118.2,99.5,155.4,70.6,159.6,125.3,88.8,96.5,109.6,73.5,84.6,114.6,83.6,85.3,117.6
1979-09,84.6,47.5,99,36.8,56.8,80.2,50.7,41.5,67,53.5,83.2,66.6,38.3,58.1,70.1
1979-10,146.3,90.1,176.4,73.7,155.4,90.9,153.7,119,96.9,132.7,111.7,105.7,107.3,156.4,94.7
1979-11,158.8,93.2,181.8,65.2,170.7,128.4,98.7,51.4,146.1,72.3,202.9,109.9,80.2,71.4,155.5
1979-12,131.2,116,270.5,108.1,186.1,113.3,216.4,112.4,159.7,130.6,120.6,143.6,165.9,117.4,159.5
1980-01,91.7,53.7,134.5,106.8,103.2,77.1,134.2,115.2,92.8,84.3,75.3,72.4,130.4,129,73.3
1980-02,86.3,69.1,202.4,59.7,123.3,83,150.1,68.5,102.6,90.4,80.6,93,119,135,82.6
1980-03,90.9,80.6,147.2,85.9,112.9,84.2,109.3,73.7,81.1,85.9,88.8,85.6,86.5,92.3,76.4
1980-04,12.6,36.1,24.1,11.8,18.7,16.6,37.9,8.2,20.2,26,22,28.4,40.3,14.8,25.4
1980-05,28.4,27.7,51.1,25,33.6,35.1,36.9,41,31.7,24.5,19.9,31.7,29.6,32,28
1980-06,78.6,48.7,85.1,89.6,98.8,100,46.6,79,93.2,39.5,74.3,104.3,51.4,51.6,75
1980-07,103.4,103.2,160.8,43.7,116.9,69.3,118.2,39.4,94.1,63.7,110.2,56.9,91.9,59.2,100.4
1980-08,39.3,70.8,146.2,98.4,77,77.4,123,97.8,122.4,99.2,97.9,99.1,107.4,93.9,114.1
1980-09,160.1,98.6,223,74.8,157.3,102.9,150.7,97.5,136.3,116.9,154.4,119.7,111.6,84.8,122.5
1980-10,139.5,92,181.8,102.1,126.3,109.2,157.5,113.7,166.1,144.7,151.9,124.9,129.2,142.8,127.8
1980-11,161.1,68.8,272.4,58.3,163.1,73.1,107.9,41.4,137.9,51,95.1,84.5,95,80.5,103.5
1980-12,165.5,87.6,147.1,51.3,182.3,133.1,131.5,49.7,122.7,72.1,113.5,107.1,93.1,62.5,116.5
1981-01,79.6,38.4,59.2,30.6,61.3,68,41.8,32.8,56,37.6,150.5,65.8,32.6,24.8,67.2
1981-02,69.6,55.2,158,48.5,76.7,52.8,97,48.4,69.4,72.7,73.5,61.8,68.5,54.7,77.3
1981-03,163.5,90.1,215.2,86.9,156.6,129.7,213.5,101.6,120.8,114.1,102,105.5,176.6,198.4,106.7
1981-04,43,13.3,30.5,47.9,34.6,30.2,30.3,49,26.6,26.3,36.8,32.5,14,45.1,15.6
1981-05,114,116.1,152.6,108.8,135.7,134,216.4,92.3,160.1,144.9,115.5,136.2,136.7,129.6,141.4
1981-06,69.4,63.5,89.3,63,79.2,84,74.1,77.1,83.6,45.1,77.6,109.6,66.5,63.5,60.8
1981-07,72,57.4,63.3,31.6,96,57.3,36.2,35.5,62.9,36.6,86.4,55.4,24.4,23.4,34.8
1981-08,55.6,23.2,53.2,9.1,38.9,30.6,18.7,11.6,65.2,18,71.5,30,18.7,11.1,27.2
1981-09,179.9,112.7,242.6,81.5,223.1,124.8,169.1,102.8,197.2,107.4,129.2,132.3,175.5,129.3,126.3
1981-10,160.5,82.7,121.2,93,127.8,103.9,79.5,109.3,99.2,79.6,153.3,75.1,72.4,86.7,83.9
1981-11,113.5,59.3,72.2,51,111.1,86.9,106.7,48.8,77.3,58.1,112.2,76.5,65.5,53,68.9
1981-12,86.7,60.2,148.6,99.4,78.7,64.1,168.5,133,70.2,134.5,74.7,66.3,95.3,118.1,66.4
1982-01,78.9,66.7,187.5,41.2,100.2,93.3,136,50.2,81,58.1,99.9,85.6,93.6,106.6,76.2
1982-02,111,64.1,232.9,27.3,147.5,76.6,168,23.9,95.5,59.4,63.1,81.7,119.8,87,85.4
1982-03,135.5,85.2,164.8,60.8,137.3,109.6,105.5,45.4,116.8,79.5,126.6,108.3,96.5,70.1,118.2
1982-04,26.3,22.8,33.8,14.6,30.4,17.4,46.4,19.5,31.8,29.8,22.9,27.9,33.7,32.1,16.1
1982-05,74.9,52.6,94.6,60,98.8,58.1,92.7,59.6,76.4,62.2,81.9,71.1,75.2,29.7,72.5
1982-06,71.4,85.7,92.2,111.5,118.3,99.1,165.4,102.2,127.1,109,102.3,108.9,140.7,99.3,131.2
1982-07,24.8,14.9,22.3,8.6,15.1,20.4,29,9.2,14.8,5.8,16.5,24.3,24.6,23.6,22.3
1982-08,98.4,109.6,136.4,70.7,83.9,73.5,104.9,65.6,111.4,55.7,169.6,83.9,67,52.5,89.6
1982-09,94.9,61.2,146.2,68.7,90.6,73.5,120.6,84,101.9,97.6,111.8,80.2,95.8,111.8,74.8
1982-10,160.8,110.3,279,99.3,137,111.4,209.5,88.2,152.6,135,92.5,112.7,163,143.5,129.5
1982-11,138.5,113.6,194.9,134.6,149.8,138.8,190.3,128.9,0,126.3,139.1,138.7,158,182.8,133.2
1982-12,155.9,88.3,199,78.5,156.2,115,143.4,70.3,147.2,81.2,134.7,111.7,102.5,92.5,144.9
1983-01,137.2,101.3,192.2,64.7,142.9,95.2,144.9,63.8,143.8,87.4,149.8,146.9,92.6,84.8,134.2
1983-02,46,43.1,37.9,31.7,48.9,45.4,99.9,44.8,43.9,57.4,41.7,47.5,82.1,69.1,72
1983-03,87.5,90.9,124.8,60.7,107.3,123.7,103.6,61,106.4,80.5,106.2,98.4,69.4,56.1,72
1983-04,55.9,65.7,101.5,77,55.8,48,85.6,67.1,68.9,67.2,49.7,75.9,75.1,73.1,56.1
1983-05,87.8,121,118.9,99.3,84.7,75.2,99.9,79.1,89.5,112.8,52.9,113.8,82.4,107.5,88.7
1983-06,32.4,51.5,88.5,42.2,48.5,34.1,56.4,54.6,53.1,49.9,45.9,44.8,41.7,28.1,47.4
1983-07,38.5,52,20.3,15.9,9.1,26.3,39.2,18.1,38.4,94.2,24.3,14.8,4.2,15.4,12.6
1983-08,44.3,64.5,74.7,54.2,37.2,43.4,71.4,45.4,72.1,85.9,39.1,61.6,49.3,73.7,46.3
1983-09,109.5,101.1,204.8,88.2,122.4,111.4,194.4,76.6,109.5,89.2,69.2,116.3,129.3,109,106.1
1983-10,157.7,99.5,143.7,56,189.1,100.5,112.9,47.3,196.7,71.2,186.2,121.2,106.6,75,145.7
1983-11,42.5,26.8,90.7,12.5,67.6,48.1,77.4,21.3,43.1,26.4,28.1,41.3,55.4,34.6,44.6
1983-12,150.4,117.9,234.7,113.4,140.6,112.5,150.5,123.2,144.7,117.8,130.4,119.4,124.9,120.6,129.8
1984-01,195.7,137.4,247.7,109.3,197.9,138.8,194,99,184.5,155.6,183.8,125.6,170.3,95.8,193.8
1984-02,87.6,55.7,104.5,40.4,76.9,101.4,85.8,60.3,84.1,93.5,108.8,67,56.7,56.2,94.6
1984-03,47.5,58.9,51.2,44.4,51.5,77.3,60.7,53.2,48.8,74.5,42.4,73,67.6,53.3,34.5
1984-04,30.5,35.6,90.3,41.8,35.4,39.7,53.1,32.6,64.6,35.8,36.6,41.3,43.2,39.3,46
1984-05,39.4,18.3,41.3,29.8,28.4,24.4,43.4,34.4,37.4,17.7,28.1,16.7,33.2,24.5,27.5
1984-06,72.4,26.9,42.7,36.2,48.3,45.2,47.3,38.1,59.2,22.4,59.5,52,39.5,9.2,33.4
1984-07,49.3,36.3,79.3,22.8,34.9,57.2,46.3,30.8,20.8,22.3,44.9,42.6,31.5,13.2,35.2
1984-08,51.9,98.6,115.1,52.2,55,98.4,59,95,76.5,46.8,64.5,116.8,40.3,23.2,65
1984-09,92.9,81.5,104.6,71,108.7,95.4,88.6,76.7,128,71.7,117.7,107.7,82.6,113.5,82.3
1984-10,200.4,77.3,206.4,57.5,130.9,102.1,123.5,56.2,160.7,70.4,119.4,103.2,81.1,99.3,96.2
1984-11,245.1,95.7,240.7,97.8,155.9,94.1,187.1,97.2,124,118.3,113.1,119.1,164.6,164.2,105.7
1984-12,129.4,85,186.6,87.3,120.5,88.5,99.5,87.7,123.9,82.6,101.5,126.8,64.1,92,89.9
1985-01,84.2,22.8,110.5,30.2,62.1,55.6,102,66.5,40.5,35.8,106.2,56.1,68.2,68.9,34.1
1985-02,28.8,25.2,110.7,20.4,38.2,34.5,123.4,52,40.7,51,33.6,43.8,86.9,68,33.6
1985-03,104.9,61.8,196,45.2,105.3,62,115.2,72.5,93.8,100.7,100.7,70.2,113.4,89,91.1
1985-04,82,50.8,70.8,39.1,80.8,74.7,66.3,40.2,64.3,69.2,77.9,55.8,47.9,42.9,56.3
1985-05,118.8,71.5,131.6,95.2,160.8,74.5,53.7,70.1,110.6,44.1,56.4,110.8,34.8,49.6,71.4
1985-06,56.4,68.1,112.6,64.3,79.7,88.7,101.3,78.5,45.7,57.6,53.7,65.7,62.3,55.9,74.6
1985-07,80.4,100.4,66.5,88.1,63.9,99.9,50.4,107.2,69.6,103.7,152.3,105.1,81.9,49.6,94.8
1985-08,224.8,178,272.9,124.8,258.6,148.2,177.6,124.6,237.8,157.1,180.8,180,154.5,147.3,181.4
1985-09,205.5,54.6,117.7,37.1,150.4,96.3,80.3,38.2,125.5,41.6,218.9,107.1,65.6,39.3,69.1
1985-10,70.1,59.9,94.6,26.9,61.6,53.1,84.6,19.7,70.5,34.3,30.4,66.9,62.8,41.4,53.3
1985-11,87.7,46,168.3,32.4,78.9,47.8,99.1,33.5,63,69.1,74.8,55.9,96.8,106.2,46.9
1985-12,152.2,87.5,164.5,76.8,173.4,87.8,180.6,72.4,113,76,90.1,106.3,127.1,118,90.7
1986-01,124.7,80.2,161.4,90.1,145.5,107.5,105,103.4,151.6,87.1,182.7,106.8,90.1,97,137.9
1986-02,4.2,2.5,20.1,13.5,1.8,1.3,5.6,10.2,0.7,3.5,9.9,9.3,5.3,3.8,0.8
1986-03,163.1,88.1,182.1,57.7,147.2,96.3,115.5,64.7,132.9,69.9,123.5,99.5,84.3,91.2,128.8
1986-04,96,55.4,77.3,49.6,79.1,81.2,40.8,48.2,74.2,39.9,69.6,75.8,42.6,53.4,56.4
1986-05,150.9,101.9,182.4,59.8,174.8,107.3,142.6,62.5,175.2,92.3,98.9,115.5,104.3,64.1,106.4
1986-06,95.6,101.2,56.6,92.5,94,50.3,74.8,82.1,83.5,84.5,42.1,98.7,100.8,86.8,91.5
1986-07,93.5,55.4,98.5,59.8,74.9,62.2,68.5,57.5,69.9,25.3,76.2,71.6,50.9,55.3,40.8
1986-08,114.7,139.3,205.9,159.3,160.5,137.7,226.9,158.7,145.7,153.3,83.9,162.7,238.3,111.6,113.7
1986-09,24.8,2.5,13.4,1.7,7.3,6,4.9,3.6,5.1,3,29.3,3.6,5.1,2.2,10
1986-10,169.3,98.4,127.3,57,119.6,122,91.8,57,151,57.6,89.2,101.6,66.4,69,96.4
1986-11,180.3,96.1,196.7,94.2,180.3,114.5,147.2,102.2,149.8,102,137.8,112.2,97.4,113,109
1986-12,226.7,126.6,247.9,92.1,208.9,132,221.9,71.8,176.2,122.8,218.9,124.3,165.6,157,155.9
1987-01,57.8,27.9,78.3,10.3,35.7,33.9,78,36.6,46.5,34.7,38.1,33.6,51.8,31.9,39
1987-02,70.1,44.9,141.8,23.9,70.3,42.5,129.3,34.5,69.4,44.8,73.6,48.2,109.7,75,52.6
1987-03,117.1,57.6,127.5,43,105,93.7,129.3,56.6,103.1,52.8,100.2,93.5,105,57.3,69.6
1987-04,50.6,62.6,49.5,105.9,64.3,46.8,98.8,71.8,60.1,62.9,40.1,48.2,98.6,86.3,53.7
1987-05,41.8,12.6,10.3,22.3,23.1,33.1,24.5,21.7,18.3,19.7,45.6,28.8,24.8,18,20.9
1987-06,81.5,116,121.3,95.7,85.8,122.4,122.5,112.5,98.2,100.5,74.8,130.2,75.1,77.2,109.2
1987-07,97.6,25.2,58.5,50.7,39.2,44.5,42,32.6,52.1,60.5,121.6,41.6,27.3,15.5,41.7
1987-08,101.2,52.9,65.7,67.6,98.4,102.9,88.1,87.4,65.4,61.3,82.1,73.4,61.4,57.6,37.7
1987-09,126.7,95.9,199.7,90.7,122.8,89.8,119.4,75.3,149.9,97.6,93,107.6,110.2,96.9,102.6
1987-10,140.2,92,205.5,123.4,120.1,119.2,147.4,124.1,118.8,82.8,166.4,118.8,107.8,169,104.2
1987-11,91.5,64.2,94.2,45.9,90.3,79.5,74.2,47.8,81.4,65.5,68.4,72.8,57.7,75.6,69.6
1987-12,106.6,47.6,191.4,36.5,119.3,50.1,184.7,39.5,95,54.8,49.2,56.1,131.4,79.4,56.6
1988-01,220.5,124.4,269.9,97.2,190.7,162.9,256.9,118.3,191.4,142.5,180.1,138.7,213.2,189.9,173.1
1988-02,126.6,59.6,96.9,42.7,116.1,87.1,80.3,34.3,81.8,74.3,122.5,78.3,44.7,38.5,97.1
1988-03,116.3,102.1,103.1,88.8,134,133.4,115.5,85.4,142,82.5,122.8,125.4,107,69.4,110.5
1988-04,45.4,11.5,52.5,23.5,49.7,37.6,67.6,24.9,46.6,23.8,29.8,20.7,58.9,43.3,32.5
1988-05,66.6,76.7,147,86.1,98.7,58.8,117.4,72.5,84.5,71.1,32.3,88.8,71.5,59.6,62.4
1988-06,34,40.3,51.8,39.6,48.7,42.2,59.9,38.1,47.5,40.2,38.2,43.7,39.4,53.1,45
1988-07,140.2,103.3,142.5,98.2,128.1,138.3,131,80.3,132.8,98.7,147.3,131.9,126.2,115.9,133.1
1988-08,146.9,86.8,187.5,66.8,137.3,100.3,116.7,54.5,143.2,73.9,121.4,83,109.7,98.4,111.2
1988-09,119.3,55.8,58.4,50.8,128.9,123.3,34,41.1,120.9,70.2,125.6,79.7,35.7,47.5,80.9
1988-10,126.5,84.8,266.4,61.2,126.5,111.8,238,79.1,108.2,130.7,112.9,93.8,206.2,94.8,115.1
1988-11,75.4,43.1,86.1,17.7,74.7,42.6,56,23.5,68.6,37.4,53.8,37.5,47.2,35.8,47.3
1988-12,65.2,37.4,106.2,44.1,103.5,85.4,65.2,40.5,87.8,34.9,81.9,73.3,38.1,38.5,70.9
1989-01,142.6,60,185.4,38.6,135.7,70.3,100.2,27.5,..,48.8,78.2,63.7,65.6,60.2,84.2
1989-02,152.4,74.5,128.6,51.2,133.1,81.5,118.1,42.6,129.9,74.6,136.2,100.6,84.9,68.7,94.3
1989-03,134.2,96.1,195.2,73,158.1,110.7,167,54.7,162.7,83.3,135.4,104.9,136.3,104.2,126.6
1989-04,62.7,52.7,95,58.1,68.9,88.3,60.8,79.3,75.1,57.2,114.9,65.6,65.8,73.6,58.1
1989-05,33.2,20.5,20.7,36.6,27.9,31.6,8.4,13.1,32.3,17.3,27.3,20.7,23.5,6,23.8
1989-06,85.8,59.5,83.2,65.7,77.6,40.1,62.6,67.8,80.5,51.6,49.2,43.1,36.4,61.9,56.8
1989-07,24.7,12.8,24.9,10,16.8,36.4,12,9.6,18.4,6.9,57.8,24,28.4,22.8,16.8
1989-08,167.2,89.9,123,107.2,145.7,118.9,101.8,81.9,128.4,125.7,137.1,90.3,87.5,63.2,69.1
1989-09,60.9,62.2,91.2,50.4,70.3,53.9,71.7,25.1,65.7,36.9,44.4,53.6,55.7,27.6,51.5
1989-10,259.5,86.8,204.4,68.4,235.7,136.9,121.2,62.1,215.1,93.6,188.5,137.1,111.2,95.4,129.5
1989-11,88.3,27.9,77.9,34.1,59,40.5,78.5,35.6,72,50.8,63.5,35.3,73.9,99.5,53.2
1989-12,91.2,57.2,144.2,69,104.9,70.3,239,55.9,115.9,102.8,46.1,73.6,186.1,145.8,77.7
1990-01,214.9,105,196.2,81.4,202.8,108,166.5,68.3,159.5,92,158.7,113.5,104.7,120.5,125.8
1990-02,236,168.5,201.1,126.9,251.2,164.6,213.4,108.8,241.9,155.2,200.2,191.4,154.5,107.4,204.5
1990-03,94.5,15.6,50.8,10.7,102.5,53.5,25.4,10.3,39.1,15.5,71.8,30.7,12.4,11.2,32.6
1990-04,90.5,48.3,61.2,26.2,81,62.9,31.2,24.2,..,34.8,68.8,43.2,18.2,21.5,55.5
1990-05,19.6,24.1,49.7,35,23.6,51.5,33.5,39.5,..,19.2,26.2,43.9,32.9,35.7,22.2
1990-06,113.9,61.4,128.7,49.3,87.9,122.8,125,71.3,..,97.5,115.7,99.2,112.9,78.4,72.6
1990-07,77.5,56.2,63.5,36.2,57,64,68.4,48,..,42.8,55.5,59.1,61.1,36.1,46.4
1990-08,77.9,43.8,80.2,65.3,48.5,98.5,38.5,49.8,..,53.8,95.2,75.1,36.1,30.3,67.7
1990-09,54.2,20.5,28.3,19.2,35.3,29.8,38.5,16.4,..,45.8,66.9,15.2,28.3,35.8,25.8
1990-10,225.8,142.5,210.1,138.9,195.2,188.2,144.5,149.2,..,134.7,250.4,172.9,114,127.7,157.8
1990-11,96.1,62.3,122.6,77.4,101.9,65.2,54.1,64,..,55.7,69.3,61.3,39,124.8,66.4
1990-12,145.8,95.3,141.6,94.9,161.8,108.4,93.7,78.7,..,95.6,132.1,116.6,73.1,94.7,144.4
1991-01,121.3,77.4,145.9,69.4,107.7,78,117.6,71.4,110.8,85.8,110.9,84.3,107.1,92.7,85.3
1991-02,86.3,60.9,152.6,54.7,94.2,51.7,121.2,59,89,55.4,48.3,92.4,95.9,63.5,92.3
1991-03,87.9,54.7,143.2,63.5,110.9,119.7,139,91.1,127.5,77.6,67.1,92.5,110.6,88.7,72
1991-04,140.3,105.5,167.7,91.7,165,100.9,120.8,92.3,141.4,88.9,111.2,126,80.1,84.5,97.4
1991-05,19.6,4.4,7.6,5.3,8.8,7.1,4.5,3.6,18.4,2.4,18.4,4.5,1,1.7,10.1
1991-06,84.8,91.6,107,59.7,92.7,88.9,92.9,79.8,87.3,91,114.4,78.9,70.8,91.3,86.4
1991-07,84.2,88.4,102.9,45.3,91.4,43,87.8,26.4,84.2,58.2,85.2,43.7,49.2,57.4,56.6
1991-08,42.3,49.2,30.8,30.5,39.3,36.2,20.4,36.9,..,12.5,65.5,35.1,14.1,31.6,60.3
1991-09,91.4,50.1,139.7,53.4,53.5,44.1,114.7,42.8,95.3,65.2,74.9,51,105.5,100.7,61
1991-10,124.8,97.4,174.4,96.3,143.5,91.4,148.2,85.6,122.7,115.2,101.9,101.4,114.9,162.6,84.8
1991-11,180,88.1,186.5,71,137.9,96.6,136.9,50.3,113,88.6,158.5,100.9,75.3,57.3,113.8
1991-12,88.1,33.2,20.9,31.1,62.9,92.8,23.4,38.1,91.7,46,117.6,70.6,13.8,32.9,59.1
1992-01,85.3,65.4,113.5,34.1,119,64.9,40.2,32.9,135.9,34.6,108.7,75.9,27.6,29.7,66.3
1992-02,128.2,41,109.8,35.1,101.1,57.6,79.4,24.1,73.8,49.9,89.7,60.9,49.7,52,54.3
1992-03,128,86.8,134.5,62.7,156.4,120.8,65.2,64.9,161.4,73.9,152,90.8,46,52.9,105.6
1992-04,96.4,75.7,174,78,97.6,96.7,101.4,70.3,148.6,80.3,100.3,94,80.8,61.4,76.6
1992-05,42.4,50.2,69.2,38.3,62.7,37.5,98.7,39.5,71.6,33.8,44.5,58.7,61.7,30,35.2
1992-06,38.2,32.5,41.9,29.3,22.8,43.2,26.4,38.4,46.1,35.9,53.5,19.7,23.8,9.1,28.5
1992-07,117.7,65.8,139,63.2,124.7,78.8,120.5,69,102.8,87.8,81.8,97.2,85.2,65.3,69.6
1992-08,234.8,116.3,185.5,67.4,192.9,155.4,115.3,85.2,192.3,88.5,173.4,116,..,130.2,154.9
1992-09,142.7,84.7,120.9,64.2,82.2,62.9,110.9,64.2,120.5,89.1,85.6,82.7,..,144.6,75.8
1992-10,140.7,49.6,84.3,30.1,80.9,70.3,30.8,30.7,75.6,31.7,108.9,43.6,..,28.7,61.7
1992-11,176.8,84,134.9,59,172.9,138,141,63.2,191.5,69.4,167.7,114.6,..,99.2,98.9
1992-12,116,68.3,113.6,47.9,92,74,88,41.5,89.9,51.6,113.4,65.1,..,82.3,88.4
1993-01,228.4,80.2,171.9,88.8,203.5,122.8,169.1,57.9,157.4,74.1,162.3,111.2,..,85.7,88.1
1993-02,31.5,13.6,51.1,16.3,36.3,31,20.8,19.5,29.4,17.5,33.5,16.7,..,24.7,16.5
1993-03,83,43,118.8,33.4,64.9,52.5,74.9,26.2,68.9,49.7,63.5,47.2,..,33,49.5
1993-04,97.6,110.4,88,57.6,86.3,116.2,109.5,48.7,110.6,77.4,124.5,107.9,..,58.3,84.4
1993-05,99,88.7,100.2,130.3,118.4,79.3,160.2,149.9,116.7,149.8,52.7,97.8,..,145.3,92.8
1993-06,74.4,105.5,73,167.2,104.6,114.6,97.4,148.1,100.6,68.4,69.3,136.1,..,87.5,71
1993-07,61.7,49.6,134.5,76.8,70.2,103.6,90.5,60.1,91.4,54.7,99.3,77.3,..,64.9,68.2
1993-08,57.1,35.8,43.9,37.8,52.3,70,27.5,36.8,60,26.7,55.7,43,..,20.6,53.1
1993-09,71.2,93.6,203.9,85.8,79.8,88.7,216,90.3,87.9,132.7,82.5,86.4,..,165.4,113.4
1993-10,56.8,34,74,78,42.6,35,50.5,86.2,38.4,36.4,36.6,78.2,..,110.8,43.5
1993-11,91.9,58.2,182.6,36.2,92.3,42.7,121.3,45.4,83.5,64.9,61.7,50.2,..,107.2,60.1
1993-12,236.3,155.8,227.5,117.1,218.9,188.6,198.7,105.7,247.7,154.9,229.7,165.1,..,142.1,217.6
1994-01,171.4,110.3,218,85.6,159.9,108.3,154.7,83.3,185.4,122.4,145.1,113.5,..,106.9,164.8
1994-02,114.9,76.1,170.3,100.5,135.6,109.2,236.6,99.1,130.4,114.9,119.2,101.5,..,137,111.6
1994-03,157.6,97.2,145.5,78.6,135.5,98.8,101.3,72.1,176.2,93.5,152.3,109,..,100.1,133.5
1994-04,107.3,99.2,143.9,79.8,103.6,86.5,97.6,60.3,118.4,103.6,83.9,95.2,..,80.4,112.6
1994-05,66.9,58.9,93.2,44.7,65.6,33.9,124.9,51.5,66.3,69,18.8,41.3,..,64.5,77.3
1994-06,72.2,41.2,104.5,22.7,65.5,85.1,45.6,20.9,78.9,29.8,98.3,64.9,..,28.4,65.4
1994-07,66.8,64,212.9,50.8,103.3,82.1,124.8,64.7,133.7,79.7,67.6,87.4,..,82,73
1994-08,104,64.4,81.9,90.3,111.8,76.3,69.2,57.8,122.7,82.8,76.5,78.2,..,75.7,76.4
1994-09,95.3,90.3,99.8,74.4,93.2,88.6,70.9,97,95.9,100.1,103.7,60.8,..,67.5,62.1
1994-10,63.6,48.9,115.1,45.5,54.8,47.9,87.5,41.2,64.4,45.3,63.8,41.5,..,112.6,65.9
1994-11,99.2,59,169.1,33.2,113.4,67.9,146,54.8,114.1,73.5,99.5,79.8,..,83.6,70.6
1994-12,196.2,139.2,250.2,102.5,216.2,148.9,191.1,88.9,219.1,88.2,159.9,143.7,..,100.4,181.1
1995-01,191.9,150.5,226,121.4,187,137.3,178.7,105.5,232.6,130.7,185.2,148.2,..,132.6,191
1995-02,156.8,114.8,210.6,85.6,139.8,102.3,164.8,92,147.8,110.9,158.3,118.9,..,89.2,160.9
1995-03,124.4,66.8,114.5,58.5,106.6,85.4,97.5,44.7,111.2,66.3,144.2,63.6,..,50,104.1
1995-04,48.5,29,51.1,25.1,31.8,22.6,23.8,27.3,33.6,19.8,42.8,28.6,..,36.9,26.8
1995-05,53.6,37.6,112.7,43.4,71.7,48.2,77.1,49.2,72.3,55.9,74.1,44.9,..,46.4,67.4
1995-06,29.1,17.7,58,14.5,29.5,28.9,20.8,11.6,37.4,36,32.5,21.2,..,9.2,23.2
1995-07,93.3,59,149.3,49,118.2,99.8,81.2,70.2,102.7,68.4,57.9,76.8,..,58.9,128.6
1995-08,17.7,35,24.7,3.1,13.9,11.3,11.5,7.2,19.2,6.5,13.3,6.9,..,19.7,4.2
1995-09,78,45.6,58,31.9,71.3,64.7,68.3,43.6,59.9,34.5,111.4,68.4,..,49.6,44.7
1995-10,249,139.9,229,47,176.1,190,234.3,38,192.9,125.7,187.9,154.2,..,65.8,107.2
1995-11,102.7,85,220.8,137.3,113.4,140.7,122.9,147.2,91.5,92.9,86.9,110.1,..,115.3,101.7
1995-12,58.9,52.2,85.6,75.3,49.8,31.7,173.9,71.2,59.7,75.1,80.9,53.6,..,128.8,73
1996-01,100.6,73.2,214.2,75.5,82.6,66.2,217,85.9,67.1,152.4,42.1,79.2,..,219.7,69.2
1996-02,122.6,90.2,135.8,71.2,130.6,103.1,135.6,62,141.2,77.8,74.4,83.9,..,68.7,117.4
1996-03,56.8,100,126.8,61.4,89.4,44.4,201.5,69.9,105.3,109.5,18.9,70.1,..,108.3,91.6
1996-04,81.3,62,117.9,50.5,74.9,77.7,114.5,60.8,83.4,86,78,90.3,..,98.4,58
1996-05,69.2,54.7,81.7,83,61.1,72.9,69.7,66.7,75.1,44.4,75.6,61.5,..,43.3,46.9
1996-06,52.5,28.4,92,13.9,35.6,35.5,46.5,20.7,32.9,17.9,53.6,25.7,..,27.7,22.2
1996-07,69.1,50.5,90.8,42.1,52.5,67.6,67.3,37.2,63.4,43.6,66.2,47.8,..,35.8,59.2
1996-08,101.5,96.2,133.2,70.4,94.9,149.7,134.7,102.1,61.7,115,131.5,100.1,..,66.6,84.5
1996-09,52.5,28.1,62.1,21.2,56.3,34.5,36.9,19.2,45.8,22,48,33.4,..,17.8,34.4
1996-10,178.8,138.1,278.7,100.5,209.2,152.8,239.7,101.7,179.7,144.6,153.4,149.7,..,119.2,144.9
1996-11,164.3,85.6,154.3,114.5,147.5,75.3,118,103.6,122.9,97.6,127.4,82.5,..,117.3,121.7
1996-12,83.5,26,80.2,44.4,50.5,47.7,50.9,54.1,45.4,33,55.8,44.8,..,37.7,28.7
1997-01,44.2,30.3,68.8,11.1,32.1,26.8,61.4,15.5,26.2,16.6,22.2,27.7,..,20,37
1997-02,186.6,119.4,170.8,77.6,198.6,132.5,155.3,60.1,178.5,93.8,145.5,143.3,..,73.4,111.7
1997-03,65.1,17.5,37.6,11.2,67.8,46.8,31.4,15.1,39.7,9.2,85,34,..,13.2,19.1
1997-04,31.7,38.9,37.6,27.3,..,53.1,48,48.3,49.3,33.7,49.6,51.1,..,30.6,43.4
1997-05,91.2,75.1,80.1,66.7,..,71,66.1,61.3,77.2,59.1,89.1,106.1,..,64,60.1
1997-06,97.8,115.8,103.5,105.2,..,86.8,101.4,125.2,112.9,107,53,96.7,..,127.4,121.7
1997-07,107.9,76.1,82.9,40.3,..,86,47.8,53.5,104.4,42,78.5,67.7,..,34.9,70.6
1997-08,94.9,169.9,193.8,66.6,..,60.6,231.3,80.9,142.7,203.3,74.9,99.8,..,261.2,229.5
1997-09,106.5,33.8,78.2,23,..,53.9,73.1,19.1,92.8,29.6,84.9,49.9,..,61.2,44.8
1997-10,119.4,115.7,111.7,75.5,..,84,113.1,67.6,129,70.5,71.9,100.6,..,64.5,108.5
1997-11,128.3,77.6,268.2,58.9,..,77.4,215.6,86.8,100.3,157.9,75.2,72.6,..,183.7,72.6
1997-12,196.2,73.6,173,84.5,..,103.4,127.7,90.4,124.2,110.2,170.3,90.2,..,77.9,108.4
1998-01,164.5,99.1,199.9,98,..,115.9,178.5,79.5,155.1,106.8,119.8,104.4,..,149.4,130
1998-02,112.5,23,51.7,14.2,..,38.1,20.3,14.1,64.9,20.5,98.8,32.2,..,14.9,35.3
1998-03,84.2,84.3,133.9,73.5,..,78.6,107.8,65.7,115.8,79.5,76.9,84.4,..,109.5,96.4
1998-04,82,88,172.7,120.8,..,92,139.2,115,81.4,95.5,52,109.9,..,109.5,100.8
1998-05,37.2,30.3,34.6,28.1,..,36.5,52.6,29,39.9,36,45.3,29.6,..,24,34.7
1998-06,110.6,159.5,179.8,119.3,..,139.3,128.9,111,196.1,110.9,92.7,139.5,..,107.1,123.5
1998-07,99.3,52,116.1,36.7,..,128.6,74.1,54,70.3,55.2,137.2,93.6,..,40.6,64.5
1998-08,127,52.5,118.7,25.9,..,95.7,106.3,45,139.4,56.8,161.3,65.9,..,38.8,78.6
1998-09,45.9,61.9,139.5,110.1,..,98.7,91.5,95.7,83.5,65.4,53.7,101.7,..,73.2,93
1998-10,161.1,129.4,208.3,69.8,..,167.2,167.1,75.3,159,127.9,173,135.8,..,96.5,147.1
1998-11,161.1,98.6,193.1,61.5,..,107,137.6,76.1,172.8,99.7,142.9,92.5,..,120.3,124
1998-12,147.8,68.3,220.9,64.4,..,85.2,177,70.3,141.5,126.7,133.9,88.7,..,103.2,118.8
1999-01,157.9,111.5,194.9,86.8,..,142.8,140.9,71.8,170.3,92.8,145.7,119,..,103,122.6
1999-02,92.8,41.8,86.4,39.9,..,71.9,27.9,36.5,95.9,50.2,120.7,59.8,..,29.7,78
1999-03,87,47.8,146.1,43.3,..,54.7,53.5,31.8,74.9,34.3,58.1,58.8,..,30.3,53.1
1999-04,101.1,48.5,151.2,46.8,..,82.3,106.9,74.9,68.3,66,76.4,85.7,..,51.2,66.9
1999-05,49.8,56,53,45.2,..,78.6,56.5,39.1,62.2,66.9,55,55.8,..,58,84.4
1999-06,74.1,66.9,52.8,65.3,..,61.3,35.4,56.5,54.6,48.9,97.9,65,..,30.5,56.3
1999-07,62.1,38.2,84.1,24.4,..,52.9,21.1,35.2,75.6,24.2,74.6,43.4,..,10.7,49.7
1999-08,126.4,42.3,168.5,91.4,..,116.7,199.8,106.6,110.3,66.9,63.4,97.7,..,87.3,60.6
1999-09,126.5,137.6,288.5,161.6,..,151.4,180,104.7,171.7,178.2,170.3,156.6,..,110.8,150.1
1999-10,76.7,50.9,109.3,45.5,..,41.4,79.9,29.5,58.7,55.6,88.2,42.8,..,57.2,57.9
1999-11,164.3,87.1,130.4,58.5,..,110.2,77.2,43.2,160.1,54.5,147.1,101.3,..,47.8,94.2
1999-12,256.7,165.8,303.3,83.7,..,178.8,194.2,82.3,274.2,123.9,241.9,157.1,..,118.3,219.5
2000-01,111.8,55,112.9,39.4,..,47.7,51.2,40.5,88.9,45.9,104.2,59.3,..,49.9,83.6
2000-02,147.4,96.6,189.7,53.1,..,114.2,111,45.3,137.5,67.8,128.2,95.3,..,84.6,118.3
2000-03,44.3,32.9,41.1,15.2,..,44.8,22.9,20.7,58.5,15.9,65.5,34.7,..,9.1,42
2000-04,82.5,44.8,76.4,70.5,..,75.2,47.5,89.3,67.8,51.4,77.5,62.8,..,73.5,57.5
2000-05,45.4,56.8,133.2,71,..,63.5,73,50.6,54,81.4,38.5,47.8,..,52.2,66
2000-06,53.8,43.5,97.5,43,..,63.7,68.2,34.7,60.5,41,43.6,55,..,31,64.3
2000-07,30.6,60.9,82.4,28.6,..,34.7,61.1,43.6,67.5,69.4,50.7,49.4,..,44.8,96.9
2000-08,137.4,72.9,91.9,106.9,..,110.1,41.9,62.7,93.8,64.1,100.2,67.1,..,55.6,79.4
2000-09,133.7,94.7,156.8,73.1,..,94.4,107.9,99.3,140,116.7,170.8,111.3,..,141.1,97.2
2000-10,257.7,141.2,302.4,80.2,..,111.8,184.1,86.7,213.6,127.3,174.3,153.7,..,171.1,182.6
2000-11,148.6,128.1,269.1,146.4,..,102.1,190.9,141.2,165.5,140.5,101.7,149.6,..,186.9,130.9
2000-12,148.7,80.8,232.8,140.8,..,115.3,187.6,125.6,136.1,115.5,120.7,122.1,..,166.8,81.6
2001-01,65.2,27.9,128.8,28,..,49.2,86.6,32.2,59.4,43.3,61.8,38.4,..,80.8,47.6
2001-02,56.2,40.9,120.2,41.2,..,48.6,129.7,48.8,63.9,66.9,89.2,48.3,..,96.5,54.3
2001-03,72.9,65.6,131.5,49.1,..,77.5,116.4,56.1,89.2,81.6,26.4,70.9,..,88.8,75.7
2001-04,78.1,86,117.6,47.2,..,69.3,70.5,77.5,90.1,76.1,54.2,90,..,77,96.7
2001-05,27.1,40,34.8,47.8,..,48,22.7,49.5,41.2,34.5,34.7,40.6,..,19.8,34.5
2001-06,66.5,57.9,71,40.6,..,60.5,57.8,41.4,80.8,44.2,58.6,80.5,..,45.8,61.6
2001-07,113.6,36.7,72.1,53.9,..,49.9,117.7,30.4,95.8,39,72.5,43.4,..,84.7,75
2001-08,122.7,94.1,122.3,103.1,..,98.3,154.6,97.1,101.7,101,89.5,108.2,..,89,62.5
2001-09,69.4,53.3,61.9,30.9,..,45.6,71,41.4,85.2,77.2,56,51.4,..,70.5,50
2001-10,121.9,89.6,195.5,81.6,..,90.8,127.2,90.3,122.8,145.8,93.5,96.2,..,126.3,116.2
2001-11,108.1,41.2,97.4,35.6,..,58.5,31.4,40.7,103.6,30.6,123.2,59.9,..,38.3,65.3
2001-12,86.4,30.9,82.2,21.9,..,34.8,72.4,21.6,64.9,37.5,97.1,35.8,..,51.6,50.4
2002-01,126.3,113.1,262.5,63.5,..,100.8,242.4,48.9,171.7,113.5,91.5,132.1,..,115.6,129.9
2002-02,163.6,125.1,185.5,126.6,..,158.9,143.2,125.1,233.5,114.2,164.2,177.9,..,114.6,177.2
2002-03,75.9,42.6,67.4,27.9,..,54,59.4,30.4,97.2,42.1,75.3,58.8,..,39.8,41.2
2002-04,66.9,72.6,111,76.8,..,77.4,114,81.5,89.3,85.2,72.5,77.7,..,110.1,74.9
2002-05,125.7,109.6,186.1,82.5,..,123.7,162.8,120.8,140.1,97.2,81.8,116.8,..,89.1,95.9
2002-06,150.9,101.2,135.7,80.7,..,84.2,105.3,82.1,119.2,77.8,111.3,91.1,..,50.4,78.4
2002-07,74.7,65.8,98.2,73.7,..,79.5,54.4,68,74.3,60.7,72.4,79.8,..,35.4,45
2002-08,75.5,51.6,80.9,65.2,..,53.5,47,50.2,99.2,52,53.7,46,..,40.7,57.6
2002-09,34.1,23.5,124.8,9.3,..,24.6,37.5,22.8,47.2,26.3,61.6,18.9,..,12.4,16.3
2002-10,171.8,123.8,237.1,178.9,..,155,213.8,180.6,186.4,151.1,143.4,157.7,..,287.2,129.7
2002-11,168.2,130.2,286.7,154.4,..,126,214.7,186.3,211,165.5,90,151.4,..,226.5,135.3
2002-12,84,77,147,81.2,..,61.6,143.9,105,117.4,83.1,45.7,109.6,..,132.3,89.3
2003-01,83,42.9,132.1,47.3,..,68,75.8,53.9,86.3,57.6,90.2,52.4,..,64.4,43.6
2003-02,56.8,25.6,162.7,25,..,59.5,81,21.1,50.2,53.8,45.9,37.7,..,65.3,52.6
2003-03,96.6,36.5,82.4,34.6,..,60.4,71.4,30.3,78.1,54.4,41.2,44.7,..,50.5,54.5
2003-04,34.8,44.6,138.3,27.3,..,47.2,123.1,34,62.9,75.3,32.9,63.5,..,82.4,43.2
2003-05,130,101.3,142.2,99,..,117.4,109,96.5,141.4,76.2,104.4,128.5,..,112.6,91.5
2003-06,63.3,70.1,146.9,58,..,90.8,107,88.4,94.6,99.5,69.8,79.5,..,81.9,105.6
2003-07,118.7,72.1,125.9,46.2,..,124.5,95.9,46,156.7,78.7,94.7,61.3,..,82.8,76.5
2003-08,25,8.2,25.3,11.2,..,27,23.1,14.4,24.6,1.1,23,13.2,..,5,11.1
2003-09,95.2,38.3,64.4,38.4,..,67.4,55.5,37.3,63.6,35.8,73.2,48.7,..,76.3,37.3
2003-10,72.1,30.3,58.5,123.5,..,29.7,27.7,106.3,53.1,35.5,66.3,44.1,..,44.2,50.6
2003-11,167.1,63.9,293,54.3,..,87,125,54.8,167.6,94.3,99.8,79.6,..,105.1,111.4
2003-12,129.4,55.9,135.5,63.9,..,62.7,72.8,60.2,102.3,75.4,102.3,79.6,..,106.1,94.2
2004-01,148.5,81.1,174.4,94.4,..,93.7,107.7,82.6,128.3,91.5,158.3,108,..,124.4,107.5
2004-02,63,27.7,79,18.3,..,39.5,77.7,19.7,45.2,41.2,44.1,31.8,..,63.3,28.1
2004-03,97.9,57.9,164.4,48.5,..,69.9,119.9,44.4,92.7,87.9,53.8,62.9,..,56.2,69
2004-04,87.4,50.7,85.6,44.4,..,63.1,59.4,31.2,82.9,51.2,74.8,58.6,..,41.8,43.9
2004-05,37.4,29.9,40.9,26.5,..,37.3,46.2,49.8,38.1,34.3,35.3,51.6,..,33.5,35.8
2004-06,87.1,50.1,104.3,50.6,..,66.7,100,50.1,102.3,47.8,108.3,68.5,..,42.3,68.3
2004-07,77.1,41.9,91.9,48.2,..,70.1,54.8,37.9,70.7,42.4,98.6,50.8,..,43.9,66.6
2004-08,55.4,71.5,101.8,113.9,..,94.7,178.5,133.8,69,128.4,80.2,121.9,..,82.8,88.1
2004-09,126.2,70.8,161.7,55.3,..,70.4,99.1,98.3,157.5,54,136.7,86.8,..,118.1,98.3
2004-10,142,145.1,212.7,177.4,..,124.7,167.1,120,182.5,141.9,112,156.3,..,181.1,139.1
2004-11,66.7,56.9,67.8,44,..,40.1,35,39.8,92.5,39.4,94.6,69.1,..,35.2,66.6
2004-12,144.1,78,115,50.9,..,78.3,70.8,44.8,132.6,44.8,142.2,88.7,..,56.2,90.9
2005-01,203.5,116.3,184.9,75.1,..,108.5,124.6,63.6,172.5,79.5,139.1,125,..,59.1,123.4
2005-02,61.9,41,90.1,49.2,..,42.7,29.9,40.6,75.3,23,75.2,38.8,..,39.1,50.1
2005-03,39.6,63.2,81.9,18,..,63.4,83.2,14.4,72,71.5,65.2,69.2,..,51,57
2005-04,96.1,73.9,152.8,44,..,72.3,134.2,57,102.7,82.5,78.8,74.5,..,107.8,91.3
2005-05,106.4,53.5,154.5,56.7,..,74.9,94.4,69.5,128.1,66.6,94.6,90.3,..,57.7,92.5
2005-06,68.1,29.1,87.7,25.3,..,45.5,53.5,28.3,92.3,34.6,65.9,33.3,..,34.3,55.3
2005-07,32.3,84.6,71.7,79.2,..,46.5,105.2,83.9,46.6,55,24.3,67.3,..,126.8,43.9
2005-08,88,52.5,83.7,30.5,..,86.2,52.2,25.3,110.1,38.2,128,58.1,..,30.8,71.4
2005-09,144.4,58,148.3,50.2,..,72.9,111.3,55.8,95.7,54,94,59.5,..,69.7,81
2005-10,138,96.9,152.3,83.5,..,92.2,219.3,101.5,144,144.3,109.5,108.6,..,138.7,103.9
2005-11,115.7,71.1,139.4,54.8,..,75.3,108.7,50.7,104.1,70.8,107.7,77.1,..,93.9,80.5
2005-12,125.5,49.2,152.4,57.7,..,72,74.5,68.9,101.5,38.3,103.8,62.7,..,44.6,64.4
2006-01,110.8,36.9,144.7,17.9,..,46.3,48.9,16.3,75.3,37.1,67.6,38.5,..,42.4,53.8
2006-02,86.5,33.7,86.7,45,..,38,28.9,38.3,52.2,36.7,40.6,45.3,..,39.5,38.3
2006-03,101.3,83.6,149.1,53.2,..,125.1,112.4,68.7,133.5,80.7,107.2,118.7,..,106.2,104.9
2006-04,75.2,37.7,79.4,27.8,..,68.3,30,40.8,58.1,23,69.9,51,..,20.9,31.3
2006-05,123.2,123.6,201,75.4,..,123.4,134.5,125.8,136.4,98.2,73.4,133.3,..,108.3,125.8
2006-06,36.1,19.3,47.6,19.7,..,28.2,14.8,19.2,..,27.2,63.3,20.8,..,17.1,19.2
2006-07,71,49.7,102.1,13.5,..,67.9,58.6,18.2,62.9,39.5,74.1,48.5,..,49.2,28.5
2006-08,32.9,53.3,52.5,66.2,..,90.6,69.9,57.6,62.7,45.9,73.1,61,..,67.2,42.4
2006-09,194.7,112.6,263.7,75.5,..,106.8,179,89.5,232.8,124.9,112.7,133.1,..,83.1,148.4
2006-10,135.8,113.8,171.3,85.5,..,132.9,184.7,102.7,148.2,128.5,123.9,106.2,..,111.9,93.5
2006-11,184.9,109.2,232.7,89.5,..,91.5,155,69.1,149.3,136.5,170.2,88.4,..,117.2,115.2
2006-12,247.1,139.7,224,107.9,..,136.5,183,94.4,219.2,117.6,184.7,160.6,..,141.5,170.3
2007-01,148.4,93.4,106.7,72.1,..,104.1,87.9,72.8,160.3,78.6,161.5,116.7,..,46.3,90.2
2007-02,76.6,60.2,201.4,58,..,65.1,141.9,77.8,111.5,74.5,69.3,70.3,..,85.2,71.9
2007-03,100.1,57.7,111,46,..,80,89.3,62.1,90.2,70.3,59.7,65.3,..,58.8,62.1
2007-04,54.7,21.8,50.9,5.4,..,17.9,27.1,14.7,24.8,22.6,32.6,22.3,..,23.6,11.7
2007-05,73.7,53.1,76.7,39.1,..,64.5,64.5,35,93.8,42,101.8,63.8,..,44.6,65.8
2007-06,71.9,98.5,153.6,137.5,..,75.7,156.9,134.4,128.3,161.1,83.3,108.2,..,114.6,107
2007-07,102,92.2,76.3,145.4,..,135.2,116.3,119.1,162.3,116.5,105.4,150.1,..,69.6,93.5
2007-08,88.9,145.6,106,107.5,..,95.4,80.4,95.5,101,106.4,86.2,108.2,..,78.8,100.8
2007-09,59.9,44.5,74.4,40.7,..,54.6,36.1,39.2,62.5,44.1,79.5,44.9,..,..,51.4
2007-10,106.7,34.6,105.7,16.9,..,42.2,64,15.7,83.5,30.3,77,46.6,..,51.9,44.3
2007-11,111.2,51.9,98.1,74.6,..,64.7,57.2,54,97.6,41.8,102.1,60.5,..,77.6,56.9
2007-12,145.7,107.2,189.5,67.5,..,111.2,134.3,64.1,198.6,90.7,109.4,119.5,..,62.6,163.4
2008-01,171.5,135.5,276.2,111.4,..,150.3,195.1,96.9,193.5,141.6,188.9,146.3,..,120.2,223.9
2008-02,116.4,30.8,108.3,18.4,..,40.4,49.8,14.7,123.3,27.3,89.6,54.7,..,23.4,58
2008-03,157.4,97.3,164.1,99.5,..,96.8,113.5,102.4,140.6,89.1,142.7,96.8,..,69,102.9
2008-04,67.7,28.6,51,32.4,..,..,53.7,27,53,..,54.2,57,38.2,..,49.2
2008-05,40.2,19.2,103.2,37.1,..,..,75.6,32.7,21.6,..,7.4,23.5,57.9,..,35.9
2008-06,127.6,90.2,147.8,70.5,..,..,138.5,76.4,194.7,..,74.8,88.8,103.9,..,110.8
2008-07,44.3,100.6,92.8,101.7,..,..,148.1,111.5,84.2,..,125.8,109.3,129.9,..,100.8
2008-08,192.1,171.6,181.7,175,..,..,163.6,192.4,240.2,..,123.2,159.4,132.1,..,176.6
2008-09,112.4,81.8,87.7,120.8,..,..,123.8,111.8,136.7,..,89.9,100,77.1,..,86.4
2008-10,177.5,121,244.8,117.7,..,..,139.2,97.4,257.6,..,144.8,123.9,109.4,..,156.4
2008-11,136.2,77,111.5,48.3,..,..,79.4,39.6,114.4,..,115.6,75.6,59.8,..,92.2
2008-12,94.8,63.7,104,53.2,..,..,60.2,39.5,102.8,..,85.7,61.3,35.9,..,75.1
2009-01,142.6,124.8,290.6,59.6,..,..,201.9,62,133.6,..,98.8,104.6,151.7,..,120.5
2009-02,46,15.6,55,58.9,..,..,17,56.8,24.3,..,42,25.8,13.1,..,15.7
2009-03,90.5,49.3,82.4,23.4,..,..,41.1,25.5,76.1,..,86,40.5,24.5,..,63.9
2009-04,114.8,109.2,170.1,75.7,..,..,159.8,71.6,106.3,..,97.1,108.1,114.1,..,90.9
2009-05,81.3,66.7,100.1,51.6,..,..,85.7,75,127.7,..,92.8,69.8,40.2,..,98.8
2009-06,49,70,98,78.2,..,..,84.8,76.2,49.2,..,49.3,90.6,66,..,58.5
2009-07,113.3,132.5,252.1,105.7,..,..,203.7,153.9,161.1,..,70.6,192.4,158.3,..,116.1
2009-08,180.8,98.1,274,67.8,..,..,155.5,69.1,215.7,..,165.9,135.1,118.6,..,119.3
2009-09,45.6,29.4,90,28.8,..,..,53.8,24.2,63.9,..,71,38.1,48.2,..,56.9
2009-10,114.5,..,230.9,103,..,..,180.6,84.9,113.4,..,118.5,111.7,127.3,..,106.9
2009-11,208.5,..,345.4,169,..,..,232.8,149.4,329.4,..,217.7,191.6,191,..,245.6
2009-12,127.9,..,186.4,103.6,..,..,157.6,71.6,114.9,..,57,74.2,117.5,..,70.4
2010-01,106.5,..,161.9,43,..,..,125.7,42.7,40,..,70.1,45,99.3,..,30.8
2010-02,81.1,..,68.4,36.6,..,..,42.7,36.7,42,..,87,41.9,35.1,..,35.1
2010-03,58.4,..,125.4,59.3,..,..,96.2,54.8,84.3,..,81.6,82.2,76.3,..,81.9
2010-04,56.3,..,98.9,32.7,..,..,40.9,26.7,96.4,..,52.7,53.6,35.9,..,72.8
2010-05,38.1,..,54.2,58.4,..,..,47.3,48.8,44.2,..,51.5,44.6,44.5,..,54.3
2010-06,40.9,..,92.9,34,..,..,63.4,43.3,52.6,..,43.3,56.2,56.7,..,36.2
2010-07,134.4,..,154.8,79.4,..,..,119.5,74.7,125.6,..,128.6,139.2,144.4,..,121.3
2010-08,71.5,..,35.1,43.5,..,..,17.1,48,57.4,..,66.9,47.4,18,..,37.7
2010-09,151.9,..,125.1,104.2,..,..,81.4,105.5,165,..,144.1,166.4,89.1,..,139.8
2010-10,82.7,..,135.1,36.2,..,..,118,29.6,102,..,69.8,57.5,99.9,..,77.4
2010-11,197.8,..,172.3,121.7,..,..,85.6,100.5,179.2,..,115.6,125.2,74,..,131.8
2010-12,87.3,..,107.6,64.6,..,..,66.9,57.6,42.5,..,69,37.2,51.2,..,26
2011-01,69.2,..,107.8,34.4,..,..,75.8,29.4,102.2,..,89.6,47.6,61.8,..,74.6
2011-02,149.4,..,188.9,75.8,..,..,127.7,75.9,146.6,..,104.4,118.5,81.7,..,148.5
2011-03,66.2,..,61.6,15,..,..,35.7,19.4,63.2,..,58.7,36.9,27.9,..,34.7
2011-04,73.4,..,66.1,30,..,..,39.7,28.4,72.7,..,66.2,34.2,21.8,..,41.8
2011-05,133.5,..,164.6,51.5,..,..,122.3,37.1,131.6,..,100.4,67.8,100.9,..,93.3
2011-06,80.5,..,118.5,65.1,..,..,88.7,64.2,107.3,..,84.5,65.1,84.4,..,112.5
2011-07,42.4,..,80,53.3,..,..,40.3,42.6,69,..,50.3,61.2,31.8,..,31.7
2011-08,74.4,..,91.7,51.6,..,..,53.9,39.7,118.3,..,78.6,64.1,41.7,..,54.1
2011-09,175.1,..,160.1,81.2,..,..,112.5,87.3,135.5,..,133,122.6,89.4,..,91.1
2011-10,195.2,..,193.1,158.9,..,..,91.8,147.4,195.6,..,177.2,132.8,68.2,..,98.3
2011-11,130.9,..,298.6,54.9,..,..,148.6,48.5,154.2,..,105,106,96.2,..,87.5
2011-12,176.8,..,191.5,53.2,..,..,87.1,52.2,196.5,..,183.4,89,70.3,..,145.1
2012-01,120.1,..,153.8,62.9,..,..,89.5,62.7,..,..,134.1,96.1,57.2,..,110.9
2012-02,86.9,..,140.6,84.1,..,..,100.1,70.5,..,..,123.2,90.6,72.6,..,86.3
2012-03,41.4,..,42.3,27.5,..,..,23.7,25.6,..,..,29.8,15.4,18.1,..,28.3
2012-04,79.7,..,119.1,99.7,..,..,94.8,93.1,..,..,46.3,75.4,75.7,..,79.6
2012-05,52.5,..,53.5,60.2,..,..,60.7,57.5,..,..,50.7,56.4,49.3,..,38
2012-06,109.5,..,128.3,177.3,..,..,228.3,147.9,..,..,141.7,173.9,185.4,..,166.3
2012-07,96.3,..,169.1,103.2,..,..,120.3,85.6,..,..,91.5,120.1,94.2,..,112.8
2012-08,103.2,..,163.9,74.4,..,..,178.8,77.6,..,..,86.6,127.1,144.8,..,89.1
2012-09,93,..,76.1,89.7,..,..,23.2,83.9,..,..,139.7,62.3,12.9,..,61.9
2012-10,86.9,..,140.6,84.1,..,..,100.1,70.5,..,..,123.2,90.6,72.6,..,86.3
2012-11,146.6,..,202.5,79.8,..,..,116.7,72,..,..,87.6,68.5,83.7,..,120.3
2012-12,125.2,..,174.6,46.8,..,..,145.3,52.3,..,..,150.1,91,121.3,..,115.4
2013-01,153.9,..,276.9,69.5,..,..,160.5,94.4,..,..,145.6,117.8,132.7,..,105.7
2013-02,57.9,..,75.9,45.2,..,..,50.1,47.3,..,..,68.3,54.8,38.5,..,49.2
2013-03,44.5,..,82.4,63.3,..,..,134.9,85.5,..,..,61.6,40.1,104.6,..,30.2
2013-04,81.8,..,128.1,47.5,..,..,97.2,40.1,..,..,62.8,78.2,52.5,..,63.5
2013-05,271.6,..,109.3,42.9,..,..,64.3,42.4,..,..,103.2,72.1,77.9,..,67.6
2013-06,42.9,..,138,43.2,..,..,116.4,60.8,..,..,83.8,62.8,93.3,..,64.2
2013-07,81,..,108.1,47,..,..,87.1,72,..,..,61.1,73.8,97.1,..,60
2013-08,67.9,..,71,58.6,..,..,32,45.3,..,..,88,40.5,23.3,..,70.3
2013-09,71.3,..,78.8,38.2,..,..,58.3,39.5,..,..,69.6,61.7,37.6,..,43.6
2013-10,97.3,..,176.7,97.3,..,..,169.1,123.4,..,..,104.2,172.4,126.5,..,127.5
2013-11,63.9,..,125.1,21.8,..,..,62.6,42.4,..,..,103.2,46.2,45.7,..,89.2
2013-12,180.9,..,271.5,104.9,..,..,226,84,..,..,176.7,142.6,176.3,..,161.7
2014-01,214.6,..,288.1,110.2,..,..,189,100.6,..,..,162.7,149.5,136.8,..,179
2014-02,197,..,288.2,121.9,..,..,238,88.5,..,..,190.2,151.8,171.6,..,190.4
2014-03,82.3,..,134.5,56.7,..,..,107.1,53.7,..,..,75.4,70.1,99.1,..,87.2
2014-04,54.8,..,87.4,40.7,..,..,108.7,37.2,..,..,31.8,62.3,73.9,..,40.6
2014-05,103.6,..,114.1,97,..,..,66.8,88.5,..,..,85.5,121.7,38.2,..,88
2014-06,44.6,..,55.5,31.8,..,..,85.3,36.2,..,..,46.9,63.4,45.8,..,40.5
2014-07,60.9,..,83.1,43.6,..,..,48.6,36.6,..,..,88.3,35.2,21.6,..,39.3
2014-08,90.6,..,72,140.7,..,..,83.3,171.4,..,..,93.2,150.3,72.8,..,86.5
2014-09,25.7,..,27.3,13,..,..,20.4,26.5,..,..,23.7,16.4,19.2,..,73.8
2014-10,175.6,..,194.5,87.7,..,..,179.6,90.3,..,..,130.9,120.9,126.1,..,103.8
2014-11,86.3,..,199.9,138.9,..,..,191.8,140.8,..,..,134.6,154.3,158.8,..,129.4
2014-12,144.3,..,143.7,64.6,..,..,61.1,56.2,..,..,151.8,104.8,47.7,..,114.5
2015-01,171.7,..,191.2,62.9,..,..,114.9,47.4,..,..,175.3,88.8,78.3,..,126.2
2015-02,72.2,..,112.5,30.5,..,..,52.7,34.6,..,..,87.8,53.9,47.6,..,96.3
2015-03,106.2,..,130.8,56.4,..,..,88.7,57.5,..,..,123.7,92.6,75.5,..,101.8
